id;full_name;description;thumbnail;thumbnail_content_type
1;Carolina compress Account;Rubber Dominica Nebraska;../fake-data/blob/hipster.png;image/png
2;Points Concrete;Cotton Marketing;../fake-data/blob/hipster.png;image/png
3;digital neural;extranet Computer;../fake-data/blob/hipster.png;image/png
4;Christmas Books Designer;Account;../fake-data/blob/hipster.png;image/png
5;methodical wireless;deposit driver;../fake-data/blob/hipster.png;image/png
6;Coordinator;back-end payment;../fake-data/blob/hipster.png;image/png
7;Cambridgeshire e-services Oro;Usability;../fake-data/blob/hipster.png;image/png
8;executive South;exploit Ball;../fake-data/blob/hipster.png;image/png
9;programming;technologies Pants;../fake-data/blob/hipster.png;image/png
10;Division expedite;Kuna;../fake-data/blob/hipster.png;image/png
